-- match_types
INSERT INTO match_types (id, label, locstring_id) VALUES (0, 'CUSTOM', -1) ON CONFLICT (id) DO UPDATE SET label = EXCLUDED.label, locstring_id = EXCLUDED.locstring_id;
INSERT INTO match_types (id, label, locstring_id) VALUES (1, '1v1', -1) ON CONFLICT (id) DO UPDATE SET label = EXCLUDED.label, locstring_id = EXCLUDED.locstring_id;
INSERT INTO match_types (id, label, locstring_id) VALUES (2, '2v2', -1) ON CONFLICT (id) DO UPDATE SET label = EXCLUDED.label, locstring_id = EXCLUDED.locstring_id;
INSERT INTO match_types (id, label, locstring_id) VALUES (3, '3v3', -1) ON CONFLICT (id) DO UPDATE SET label = EXCLUDED.label, locstring_id = EXCLUDED.locstring_id;
INSERT INTO match_types (id, label, locstring_id) VALUES (4, '4v4', -1) ON CONFLICT (id) DO UPDATE SET label = EXCLUDED.label, locstring_id = EXCLUDED.locstring_id;
-- races
INSERT INTO races (id, slug, label, faction_id) VALUES (0, 'chaos_marine_race', 'Chaos marine', 0) ON CONFLICT (id) DO UPDATE SET slug = EXCLUDED.slug, label = EXCLUDED.label, faction_id = EXCLUDED.faction_id;
INSERT INTO races (id, slug, label, faction_id) VALUES (1, 'dark_eldar_race', 'Dark eldar', 0) ON CONFLICT (id) DO UPDATE SET slug = EXCLUDED.slug, label = EXCLUDED.label, faction_id = EXCLUDED.faction_id;
INSERT INTO races (id, slug, label, faction_id) VALUES (2, 'eldar_race', 'Eldar', 0) ON CONFLICT (id) DO UPDATE SET slug = EXCLUDED.slug, label = EXCLUDED.label, faction_id = EXCLUDED.faction_id;
INSERT INTO races (id, slug, label, faction_id) VALUES (3, 'guard_race', 'Guard', 0) ON CONFLICT (id) DO UPDATE SET slug = EXCLUDED.slug, label = EXCLUDED.label, faction_id = EXCLUDED.faction_id;
INSERT INTO races (id, slug, label, faction_id) VALUES (4, 'necron_race', 'Necron', 0) ON CONFLICT (id) DO UPDATE SET slug = EXCLUDED.slug, label = EXCLUDED.label, faction_id = EXCLUDED.faction_id;
INSERT INTO races (id, slug, label, faction_id) VALUES (5, 'ork_race', 'Ork', 0) ON CONFLICT (id) DO UPDATE SET slug = EXCLUDED.slug, label = EXCLUDED.label, faction_id = EXCLUDED.faction_id;
INSERT INTO races (id, slug, label, faction_id) VALUES (6, 'sisters_race', 'Sisters', 0) ON CONFLICT (id) DO UPDATE SET slug = EXCLUDED.slug, label = EXCLUDED.label, faction_id = EXCLUDED.faction_id;
INSERT INTO races (id, slug, label, faction_id) VALUES (7, 'space_marine_race', 'Space marine', 0) ON CONFLICT (id) DO UPDATE SET slug = EXCLUDED.slug, label = EXCLUDED.label, faction_id = EXCLUDED.faction_id;
INSERT INTO races (id, slug, label, faction_id) VALUES (8, 'tau_race', 'Tau', 0) ON CONFLICT (id) DO UPDATE SET slug = EXCLUDED.slug, label = EXCLUDED.label, faction_id = EXCLUDED.faction_id;
-- leaderboards & mappings
INSERT INTO leaderboards (id, name, display_name, is_ranked, default_match_type_id, default_race_id, default_statgroup_type) VALUES (0, 'Custom', 'Custom', false, 0, 0, 1) ON CONFLICT (id) DO UPDATE SET name = EXCLUDED.name, display_name = EXCLUDED.display_name, is_ranked = EXCLUDED.is_ranked, default_match_type_id = EXCLUDED.default_match_type_id, default_race_id = EXCLUDED.default_race_id, default_statgroup_type = EXCLUDED.default_statgroup_type;
INSERT INTO leaderboard_mappings (leaderboard_id, match_type_id, statgroup_type, race_id) VALUES (0, 0, 1, 0) ON CONFLICT (leaderboard_id, match_type_id, statgroup_type, race_id) DO NOTHING;
INSERT INTO leaderboards (id, name, display_name, is_ranked, default_match_type_id, default_race_id, default_statgroup_type) VALUES (1, '1v1_chaos_marine_race', '1v1 Chaos Marine Race', true, 1, 0, 1) ON CONFLICT (id) DO UPDATE SET name = EXCLUDED.name, display_name = EXCLUDED.display_name, is_ranked = EXCLUDED.is_ranked, default_match_type_id = EXCLUDED.default_match_type_id, default_race_id = EXCLUDED.default_race_id, default_statgroup_type = EXCLUDED.default_statgroup_type;
INSERT INTO leaderboard_mappings (leaderboard_id, match_type_id, statgroup_type, race_id) VALUES (1, 1, 1, 0) ON CONFLICT (leaderboard_id, match_type_id, statgroup_type, race_id) DO NOTHING;
INSERT INTO leaderboards (id, name, display_name, is_ranked, default_match_type_id, default_race_id, default_statgroup_type) VALUES (2, '1v1_dark_eldar_race', '1v1 Dark Eldar Race', true, 1, 1, 1) ON CONFLICT (id) DO UPDATE SET name = EXCLUDED.name, display_name = EXCLUDED.display_name, is_ranked = EXCLUDED.is_ranked, default_match_type_id = EXCLUDED.default_match_type_id, default_race_id = EXCLUDED.default_race_id, default_statgroup_type = EXCLUDED.default_statgroup_type;
INSERT INTO leaderboard_mappings (leaderboard_id, match_type_id, statgroup_type, race_id) VALUES (2, 1, 1, 1) ON CONFLICT (leaderboard_id, match_type_id, statgroup_type, race_id) DO NOTHING;
INSERT INTO leaderboards (id, name, display_name, is_ranked, default_match_type_id, default_race_id, default_statgroup_type) VALUES (3, '1v1_eldar_race', '1v1 Eldar Race', true, 1, 2, 1) ON CONFLICT (id) DO UPDATE SET name = EXCLUDED.name, display_name = EXCLUDED.display_name, is_ranked = EXCLUDED.is_ranked, default_match_type_id = EXCLUDED.default_match_type_id, default_race_id = EXCLUDED.default_race_id, default_statgroup_type = EXCLUDED.default_statgroup_type;
INSERT INTO leaderboard_mappings (leaderboard_id, match_type_id, statgroup_type, race_id) VALUES (3, 1, 1, 2) ON CONFLICT (leaderboard_id, match_type_id, statgroup_type, race_id) DO NOTHING;
INSERT INTO leaderboards (id, name, display_name, is_ranked, default_match_type_id, default_race_id, default_statgroup_type) VALUES (4, '1v1_guard_race', '1v1 Guard Race', true, 1, 3, 1) ON CONFLICT (id) DO UPDATE SET name = EXCLUDED.name, display_name = EXCLUDED.display_name, is_ranked = EXCLUDED.is_ranked, default_match_type_id = EXCLUDED.default_match_type_id, default_race_id = EXCLUDED.default_race_id, default_statgroup_type = EXCLUDED.default_statgroup_type;
INSERT INTO leaderboard_mappings (leaderboard_id, match_type_id, statgroup_type, race_id) VALUES (4, 1, 1, 3) ON CONFLICT (leaderboard_id, match_type_id, statgroup_type, race_id) DO NOTHING;
INSERT INTO leaderboards (id, name, display_name, is_ranked, default_match_type_id, default_race_id, default_statgroup_type) VALUES (5, '1v1_necron_race', '1v1 Necron Race', true, 1, 4, 1) ON CONFLICT (id) DO UPDATE SET name = EXCLUDED.name, display_name = EXCLUDED.display_name, is_ranked = EXCLUDED.is_ranked, default_match_type_id = EXCLUDED.default_match_type_id, default_race_id = EXCLUDED.default_race_id, default_statgroup_type = EXCLUDED.default_statgroup_type;
INSERT INTO leaderboard_mappings (leaderboard_id, match_type_id, statgroup_type, race_id) VALUES (5, 1, 1, 4) ON CONFLICT (leaderboard_id, match_type_id, statgroup_type, race_id) DO NOTHING;
INSERT INTO leaderboards (id, name, display_name, is_ranked, default_match_type_id, default_race_id, default_statgroup_type) VALUES (6, '1v1_ork_race', '1v1 Ork Race', true, 1, 5, 1) ON CONFLICT (id) DO UPDATE SET name = EXCLUDED.name, display_name = EXCLUDED.display_name, is_ranked = EXCLUDED.is_ranked, default_match_type_id = EXCLUDED.default_match_type_id, default_race_id = EXCLUDED.default_race_id, default_statgroup_type = EXCLUDED.default_statgroup_type;
INSERT INTO leaderboard_mappings (leaderboard_id, match_type_id, statgroup_type, race_id) VALUES (6, 1, 1, 5) ON CONFLICT (leaderboard_id, match_type_id, statgroup_type, race_id) DO NOTHING;
INSERT INTO leaderboards (id, name, display_name, is_ranked, default_match_type_id, default_race_id, default_statgroup_type) VALUES (7, '1v1_sisters_race', '1v1 Sisters Race', true, 1, 6, 1) ON CONFLICT (id) DO UPDATE SET name = EXCLUDED.name, display_name = EXCLUDED.display_name, is_ranked = EXCLUDED.is_ranked, default_match_type_id = EXCLUDED.default_match_type_id, default_race_id = EXCLUDED.default_race_id, default_statgroup_type = EXCLUDED.default_statgroup_type;
INSERT INTO leaderboard_mappings (leaderboard_id, match_type_id, statgroup_type, race_id) VALUES (7, 1, 1, 6) ON CONFLICT (leaderboard_id, match_type_id, statgroup_type, race_id) DO NOTHING;
INSERT INTO leaderboards (id, name, display_name, is_ranked, default_match_type_id, default_race_id, default_statgroup_type) VALUES (8, '1v1_space_marine_race', '1v1 Space Marine Race', true, 1, 7, 1) ON CONFLICT (id) DO UPDATE SET name = EXCLUDED.name, display_name = EXCLUDED.display_name, is_ranked = EXCLUDED.is_ranked, default_match_type_id = EXCLUDED.default_match_type_id, default_race_id = EXCLUDED.default_race_id, default_statgroup_type = EXCLUDED.default_statgroup_type;
INSERT INTO leaderboard_mappings (leaderboard_id, match_type_id, statgroup_type, race_id) VALUES (8, 1, 1, 7) ON CONFLICT (leaderboard_id, match_type_id, statgroup_type, race_id) DO NOTHING;
INSERT INTO leaderboards (id, name, display_name, is_ranked, default_match_type_id, default_race_id, default_statgroup_type) VALUES (9, '1v1_tau_race', '1v1 Tau Race', true, 1, 8, 1) ON CONFLICT (id) DO UPDATE SET name = EXCLUDED.name, display_name = EXCLUDED.display_name, is_ranked = EXCLUDED.is_ranked, default_match_type_id = EXCLUDED.default_match_type_id, default_race_id = EXCLUDED.default_race_id, default_statgroup_type = EXCLUDED.default_statgroup_type;
INSERT INTO leaderboard_mappings (leaderboard_id, match_type_id, statgroup_type, race_id) VALUES (9, 1, 1, 8) ON CONFLICT (leaderboard_id, match_type_id, statgroup_type, race_id) DO NOTHING;
INSERT INTO leaderboards (id, name, display_name, is_ranked, default_match_type_id, default_race_id, default_statgroup_type) VALUES (10, '2v2_chaos_marine_race', '2v2 Chaos Marine Race', true, 2, 0, 1) ON CONFLICT (id) DO UPDATE SET name = EXCLUDED.name, display_name = EXCLUDED.display_name, is_ranked = EXCLUDED.is_ranked, default_match_type_id = EXCLUDED.default_match_type_id, default_race_id = EXCLUDED.default_race_id, default_statgroup_type = EXCLUDED.default_statgroup_type;
INSERT INTO leaderboard_mappings (leaderboard_id, match_type_id, statgroup_type, race_id) VALUES (10, 2, 1, 0) ON CONFLICT (leaderboard_id, match_type_id, statgroup_type, race_id) DO NOTHING;
INSERT INTO leaderboards (id, name, display_name, is_ranked, default_match_type_id, default_race_id, default_statgroup_type) VALUES (11, '2v2_dark_eldar_race', '2v2 Dark Eldar Race', true, 2, 1, 1) ON CONFLICT (id) DO UPDATE SET name = EXCLUDED.name, display_name = EXCLUDED.display_name, is_ranked = EXCLUDED.is_ranked, default_match_type_id = EXCLUDED.default_match_type_id, default_race_id = EXCLUDED.default_race_id, default_statgroup_type = EXCLUDED.default_statgroup_type;
INSERT INTO leaderboard_mappings (leaderboard_id, match_type_id, statgroup_type, race_id) VALUES (11, 2, 1, 1) ON CONFLICT (leaderboard_id, match_type_id, statgroup_type, race_id) DO NOTHING;
INSERT INTO leaderboards (id, name, display_name, is_ranked, default_match_type_id, default_race_id, default_statgroup_type) VALUES (12, '2v2_eldar_race', '2v2 Eldar Race', true, 2, 2, 1) ON CONFLICT (id) DO UPDATE SET name = EXCLUDED.name, display_name = EXCLUDED.display_name, is_ranked = EXCLUDED.is_ranked, default_match_type_id = EXCLUDED.default_match_type_id, default_race_id = EXCLUDED.default_race_id, default_statgroup_type = EXCLUDED.default_statgroup_type;
INSERT INTO leaderboard_mappings (leaderboard_id, match_type_id, statgroup_type, race_id) VALUES (12, 2, 1, 2) ON CONFLICT (leaderboard_id, match_type_id, statgroup_type, race_id) DO NOTHING;
INSERT INTO leaderboards (id, name, display_name, is_ranked, default_match_type_id, default_race_id, default_statgroup_type) VALUES (13, '2v2_guard_race', '2v2 Guard Race', true, 2, 3, 1) ON CONFLICT (id) DO UPDATE SET name = EXCLUDED.name, display_name = EXCLUDED.display_name, is_ranked = EXCLUDED.is_ranked, default_match_type_id = EXCLUDED.default_match_type_id, default_race_id = EXCLUDED.default_race_id, default_statgroup_type = EXCLUDED.default_statgroup_type;
INSERT INTO leaderboard_mappings (leaderboard_id, match_type_id, statgroup_type, race_id) VALUES (13, 2, 1, 3) ON CONFLICT (leaderboard_id, match_type_id, statgroup_type, race_id) DO NOTHING;
INSERT INTO leaderboards (id, name, display_name, is_ranked, default_match_type_id, default_race_id, default_statgroup_type) VALUES (14, '2v2_necron_race', '2v2 Necron Race', true, 2, 4, 1) ON CONFLICT (id) DO UPDATE SET name = EXCLUDED.name, display_name = EXCLUDED.display_name, is_ranked = EXCLUDED.is_ranked, default_match_type_id = EXCLUDED.default_match_type_id, default_race_id = EXCLUDED.default_race_id, default_statgroup_type = EXCLUDED.default_statgroup_type;
INSERT INTO leaderboard_mappings (leaderboard_id, match_type_id, statgroup_type, race_id) VALUES (14, 2, 1, 4) ON CONFLICT (leaderboard_id, match_type_id, statgroup_type, race_id) DO NOTHING;
INSERT INTO leaderboards (id, name, display_name, is_ranked, default_match_type_id, default_race_id, default_statgroup_type) VALUES (15, '2v2_ork_race', '2v2 Ork Race', true, 2, 5, 1) ON CONFLICT (id) DO UPDATE SET name = EXCLUDED.name, display_name = EXCLUDED.display_name, is_ranked = EXCLUDED.is_ranked, default_match_type_id = EXCLUDED.default_match_type_id, default_race_id = EXCLUDED.default_race_id, default_statgroup_type = EXCLUDED.default_statgroup_type;
INSERT INTO leaderboard_mappings (leaderboard_id, match_type_id, statgroup_type, race_id) VALUES (15, 2, 1, 5) ON CONFLICT (leaderboard_id, match_type_id, statgroup_type, race_id) DO NOTHING;
INSERT INTO leaderboards (id, name, display_name, is_ranked, default_match_type_id, default_race_id, default_statgroup_type) VALUES (16, '2v2_sisters_race', '2v2 Sisters Race', true, 2, 6, 1) ON CONFLICT (id) DO UPDATE SET name = EXCLUDED.name, display_name = EXCLUDED.display_name, is_ranked = EXCLUDED.is_ranked, default_match_type_id = EXCLUDED.default_match_type_id, default_race_id = EXCLUDED.default_race_id, default_statgroup_type = EXCLUDED.default_statgroup_type;
INSERT INTO leaderboard_mappings (leaderboard_id, match_type_id, statgroup_type, race_id) VALUES (16, 2, 1, 6) ON CONFLICT (leaderboard_id, match_type_id, statgroup_type, race_id) DO NOTHING;
INSERT INTO leaderboards (id, name, display_name, is_ranked, default_match_type_id, default_race_id, default_statgroup_type) VALUES (17, '2v2_space_marine_race', '2v2 Space Marine Race', true, 2, 7, 1) ON CONFLICT (id) DO UPDATE SET name = EXCLUDED.name, display_name = EXCLUDED.display_name, is_ranked = EXCLUDED.is_ranked, default_match_type_id = EXCLUDED.default_match_type_id, default_race_id = EXCLUDED.default_race_id, default_statgroup_type = EXCLUDED.default_statgroup_type;
INSERT INTO leaderboard_mappings (leaderboard_id, match_type_id, statgroup_type, race_id) VALUES (17, 2, 1, 7) ON CONFLICT (leaderboard_id, match_type_id, statgroup_type, race_id) DO NOTHING;
INSERT INTO leaderboards (id, name, display_name, is_ranked, default_match_type_id, default_race_id, default_statgroup_type) VALUES (18, '2v2_tau_race', '2v2 Tau Race', true, 2, 8, 1) ON CONFLICT (id) DO UPDATE SET name = EXCLUDED.name, display_name = EXCLUDED.display_name, is_ranked = EXCLUDED.is_ranked, default_match_type_id = EXCLUDED.default_match_type_id, default_race_id = EXCLUDED.default_race_id, default_statgroup_type = EXCLUDED.default_statgroup_type;
INSERT INTO leaderboard_mappings (leaderboard_id, match_type_id, statgroup_type, race_id) VALUES (18, 2, 1, 8) ON CONFLICT (leaderboard_id, match_type_id, statgroup_type, race_id) DO NOTHING;
INSERT INTO leaderboards (id, name, display_name, is_ranked, default_match_type_id, default_race_id, default_statgroup_type) VALUES (19, '3v3_chaos_marine_race', '3v3 Chaos Marine Race', true, 3, 0, 1) ON CONFLICT (id) DO UPDATE SET name = EXCLUDED.name, display_name = EXCLUDED.display_name, is_ranked = EXCLUDED.is_ranked, default_match_type_id = EXCLUDED.default_match_type_id, default_race_id = EXCLUDED.default_race_id, default_statgroup_type = EXCLUDED.default_statgroup_type;
INSERT INTO leaderboard_mappings (leaderboard_id, match_type_id, statgroup_type, race_id) VALUES (19, 3, 1, 0) ON CONFLICT (leaderboard_id, match_type_id, statgroup_type, race_id) DO NOTHING;
INSERT INTO leaderboards (id, name, display_name, is_ranked, default_match_type_id, default_race_id, default_statgroup_type) VALUES (20, '3v3_dark_eldar_race', '3v3 Dark Eldar Race', true, 3, 1, 1) ON CONFLICT (id) DO UPDATE SET name = EXCLUDED.name, display_name = EXCLUDED.display_name, is_ranked = EXCLUDED.is_ranked, default_match_type_id = EXCLUDED.default_match_type_id, default_race_id = EXCLUDED.default_race_id, default_statgroup_type = EXCLUDED.default_statgroup_type;
INSERT INTO leaderboard_mappings (leaderboard_id, match_type_id, statgroup_type, race_id) VALUES (20, 3, 1, 1) ON CONFLICT (leaderboard_id, match_type_id, statgroup_type, race_id) DO NOTHING;
INSERT INTO leaderboards (id, name, display_name, is_ranked, default_match_type_id, default_race_id, default_statgroup_type) VALUES (21, '3v3_eldar_race', '3v3 Eldar Race', true, 3, 2, 1) ON CONFLICT (id) DO UPDATE SET name = EXCLUDED.name, display_name = EXCLUDED.display_name, is_ranked = EXCLUDED.is_ranked, default_match_type_id = EXCLUDED.default_match_type_id, default_race_id = EXCLUDED.default_race_id, default_statgroup_type = EXCLUDED.default_statgroup_type;
INSERT INTO leaderboard_mappings (leaderboard_id, match_type_id, statgroup_type, race_id) VALUES (21, 3, 1, 2) ON CONFLICT (leaderboard_id, match_type_id, statgroup_type, race_id) DO NOTHING;
INSERT INTO leaderboards (id, name, display_name, is_ranked, default_match_type_id, default_race_id, default_statgroup_type) VALUES (22, '3v3_guard_race', '3v3 Guard Race', true, 3, 3, 1) ON CONFLICT (id) DO UPDATE SET name = EXCLUDED.name, display_name = EXCLUDED.display_name, is_ranked = EXCLUDED.is_ranked, default_match_type_id = EXCLUDED.default_match_type_id, default_race_id = EXCLUDED.default_race_id, default_statgroup_type = EXCLUDED.default_statgroup_type;
INSERT INTO leaderboard_mappings (leaderboard_id, match_type_id, statgroup_type, race_id) VALUES (22, 3, 1, 3) ON CONFLICT (leaderboard_id, match_type_id, statgroup_type, race_id) DO NOTHING;
INSERT INTO leaderboards (id, name, display_name, is_ranked, default_match_type_id, default_race_id, default_statgroup_type) VALUES (23, '3v3_necron_race', '3v3 Necron Race', true, 3, 4, 1) ON CONFLICT (id) DO UPDATE SET name = EXCLUDED.name, display_name = EXCLUDED.display_name, is_ranked = EXCLUDED.is_ranked, default_match_type_id = EXCLUDED.default_match_type_id, default_race_id = EXCLUDED.default_race_id, default_statgroup_type = EXCLUDED.default_statgroup_type;
INSERT INTO leaderboard_mappings (leaderboard_id, match_type_id, statgroup_type, race_id) VALUES (23, 3, 1, 4) ON CONFLICT (leaderboard_id, match_type_id, statgroup_type, race_id) DO NOTHING;
INSERT INTO leaderboards (id, name, display_name, is_ranked, default_match_type_id, default_race_id, default_statgroup_type) VALUES (24, '3v3_ork_race', '3v3 Ork Race', true, 3, 5, 1) ON CONFLICT (id) DO UPDATE SET name = EXCLUDED.name, display_name = EXCLUDED.display_name, is_ranked = EXCLUDED.is_ranked, default_match_type_id = EXCLUDED.default_match_type_id, default_race_id = EXCLUDED.default_race_id, default_statgroup_type = EXCLUDED.default_statgroup_type;
INSERT INTO leaderboard_mappings (leaderboard_id, match_type_id, statgroup_type, race_id) VALUES (24, 3, 1, 5) ON CONFLICT (leaderboard_id, match_type_id, statgroup_type, race_id) DO NOTHING;
INSERT INTO leaderboards (id, name, display_name, is_ranked, default_match_type_id, default_race_id, default_statgroup_type) VALUES (25, '3v3_sisters_race', '3v3 Sisters Race', true, 3, 6, 1) ON CONFLICT (id) DO UPDATE SET name = EXCLUDED.name, display_name = EXCLUDED.display_name, is_ranked = EXCLUDED.is_ranked, default_match_type_id = EXCLUDED.default_match_type_id, default_race_id = EXCLUDED.default_race_id, default_statgroup_type = EXCLUDED.default_statgroup_type;
INSERT INTO leaderboard_mappings (leaderboard_id, match_type_id, statgroup_type, race_id) VALUES (25, 3, 1, 6) ON CONFLICT (leaderboard_id, match_type_id, statgroup_type, race_id) DO NOTHING;
INSERT INTO leaderboards (id, name, display_name, is_ranked, default_match_type_id, default_race_id, default_statgroup_type) VALUES (26, '3v3_space_marine_race', '3v3 Space Marine Race', true, 3, 7, 1) ON CONFLICT (id) DO UPDATE SET name = EXCLUDED.name, display_name = EXCLUDED.display_name, is_ranked = EXCLUDED.is_ranked, default_match_type_id = EXCLUDED.default_match_type_id, default_race_id = EXCLUDED.default_race_id, default_statgroup_type = EXCLUDED.default_statgroup_type;
INSERT INTO leaderboard_mappings (leaderboard_id, match_type_id, statgroup_type, race_id) VALUES (26, 3, 1, 7) ON CONFLICT (leaderboard_id, match_type_id, statgroup_type, race_id) DO NOTHING;
INSERT INTO leaderboards (id, name, display_name, is_ranked, default_match_type_id, default_race_id, default_statgroup_type) VALUES (27, '3v3_tau_race', '3v3 Tau Race', true, 3, 8, 1) ON CONFLICT (id) DO UPDATE SET name = EXCLUDED.name, display_name = EXCLUDED.display_name, is_ranked = EXCLUDED.is_ranked, default_match_type_id = EXCLUDED.default_match_type_id, default_race_id = EXCLUDED.default_race_id, default_statgroup_type = EXCLUDED.default_statgroup_type;
INSERT INTO leaderboard_mappings (leaderboard_id, match_type_id, statgroup_type, race_id) VALUES (27, 3, 1, 8) ON CONFLICT (leaderboard_id, match_type_id, statgroup_type, race_id) DO NOTHING;
INSERT INTO leaderboards (id, name, display_name, is_ranked, default_match_type_id, default_race_id, default_statgroup_type) VALUES (28, '4v4_chaos_marine_race', '4v4 Chaos Marine Race', true, 4, 0, 1) ON CONFLICT (id) DO UPDATE SET name = EXCLUDED.name, display_name = EXCLUDED.display_name, is_ranked = EXCLUDED.is_ranked, default_match_type_id = EXCLUDED.default_match_type_id, default_race_id = EXCLUDED.default_race_id, default_statgroup_type = EXCLUDED.default_statgroup_type;
INSERT INTO leaderboard_mappings (leaderboard_id, match_type_id, statgroup_type, race_id) VALUES (28, 4, 1, 0) ON CONFLICT (leaderboard_id, match_type_id, statgroup_type, race_id) DO NOTHING;
INSERT INTO leaderboards (id, name, display_name, is_ranked, default_match_type_id, default_race_id, default_statgroup_type) VALUES (29, '4v4_dark_eldar_race', '4v4 Dark Eldar Race', true, 4, 1, 1) ON CONFLICT (id) DO UPDATE SET name = EXCLUDED.name, display_name = EXCLUDED.display_name, is_ranked = EXCLUDED.is_ranked, default_match_type_id = EXCLUDED.default_match_type_id, default_race_id = EXCLUDED.default_race_id, default_statgroup_type = EXCLUDED.default_statgroup_type;
INSERT INTO leaderboard_mappings (leaderboard_id, match_type_id, statgroup_type, race_id) VALUES (29, 4, 1, 1) ON CONFLICT (leaderboard_id, match_type_id, statgroup_type, race_id) DO NOTHING;
INSERT INTO leaderboards (id, name, display_name, is_ranked, default_match_type_id, default_race_id, default_statgroup_type) VALUES (30, '4v4_eldar_race', '4v4 Eldar Race', true, 4, 2, 1) ON CONFLICT (id) DO UPDATE SET name = EXCLUDED.name, display_name = EXCLUDED.display_name, is_ranked = EXCLUDED.is_ranked, default_match_type_id = EXCLUDED.default_match_type_id, default_race_id = EXCLUDED.default_race_id, default_statgroup_type = EXCLUDED.default_statgroup_type;
INSERT INTO leaderboard_mappings (leaderboard_id, match_type_id, statgroup_type, race_id) VALUES (30, 4, 1, 2) ON CONFLICT (leaderboard_id, match_type_id, statgroup_type, race_id) DO NOTHING;
INSERT INTO leaderboards (id, name, display_name, is_ranked, default_match_type_id, default_race_id, default_statgroup_type) VALUES (31, '4v4_guard_race', '4v4 Guard Race', true, 4, 3, 1) ON CONFLICT (id) DO UPDATE SET name = EXCLUDED.name, display_name = EXCLUDED.display_name, is_ranked = EXCLUDED.is_ranked, default_match_type_id = EXCLUDED.default_match_type_id, default_race_id = EXCLUDED.default_race_id, default_statgroup_type = EXCLUDED.default_statgroup_type;
INSERT INTO leaderboard_mappings (leaderboard_id, match_type_id, statgroup_type, race_id) VALUES (31, 4, 1, 3) ON CONFLICT (leaderboard_id, match_type_id, statgroup_type, race_id) DO NOTHING;
INSERT INTO leaderboards (id, name, display_name, is_ranked, default_match_type_id, default_race_id, default_statgroup_type) VALUES (32, '4v4_necron_race', '4v4 Necron Race', true, 4, 4, 1) ON CONFLICT (id) DO UPDATE SET name = EXCLUDED.name, display_name = EXCLUDED.display_name, is_ranked = EXCLUDED.is_ranked, default_match_type_id = EXCLUDED.default_match_type_id, default_race_id = EXCLUDED.default_race_id, default_statgroup_type = EXCLUDED.default_statgroup_type;
INSERT INTO leaderboard_mappings (leaderboard_id, match_type_id, statgroup_type, race_id) VALUES (32, 4, 1, 4) ON CONFLICT (leaderboard_id, match_type_id, statgroup_type, race_id) DO NOTHING;
INSERT INTO leaderboards (id, name, display_name, is_ranked, default_match_type_id, default_race_id, default_statgroup_type) VALUES (33, '4v4_ork_race', '4v4 Ork Race', true, 4, 5, 1) ON CONFLICT (id) DO UPDATE SET name = EXCLUDED.name, display_name = EXCLUDED.display_name, is_ranked = EXCLUDED.is_ranked, default_match_type_id = EXCLUDED.default_match_type_id, default_race_id = EXCLUDED.default_race_id, default_statgroup_type = EXCLUDED.default_statgroup_type;
INSERT INTO leaderboard_mappings (leaderboard_id, match_type_id, statgroup_type, race_id) VALUES (33, 4, 1, 5) ON CONFLICT (leaderboard_id, match_type_id, statgroup_type, race_id) DO NOTHING;
INSERT INTO leaderboards (id, name, display_name, is_ranked, default_match_type_id, default_race_id, default_statgroup_type) VALUES (34, '4v4_sisters_race', '4v4 Sisters Race', true, 4, 6, 1) ON CONFLICT (id) DO UPDATE SET name = EXCLUDED.name, display_name = EXCLUDED.display_name, is_ranked = EXCLUDED.is_ranked, default_match_type_id = EXCLUDED.default_match_type_id, default_race_id = EXCLUDED.default_race_id, default_statgroup_type = EXCLUDED.default_statgroup_type;
INSERT INTO leaderboard_mappings (leaderboard_id, match_type_id, statgroup_type, race_id) VALUES (34, 4, 1, 6) ON CONFLICT (leaderboard_id, match_type_id, statgroup_type, race_id) DO NOTHING;
INSERT INTO leaderboards (id, name, display_name, is_ranked, default_match_type_id, default_race_id, default_statgroup_type) VALUES (35, '4v4_space_marine_race', '4v4 Space Marine Race', true, 4, 7, 1) ON CONFLICT (id) DO UPDATE SET name = EXCLUDED.name, display_name = EXCLUDED.display_name, is_ranked = EXCLUDED.is_ranked, default_match_type_id = EXCLUDED.default_match_type_id, default_race_id = EXCLUDED.default_race_id, default_statgroup_type = EXCLUDED.default_statgroup_type;
INSERT INTO leaderboard_mappings (leaderboard_id, match_type_id, statgroup_type, race_id) VALUES (35, 4, 1, 7) ON CONFLICT (leaderboard_id, match_type_id, statgroup_type, race_id) DO NOTHING;
INSERT INTO leaderboards (id, name, display_name, is_ranked, default_match_type_id, default_race_id, default_statgroup_type) VALUES (36, '4v4_tau_race', '4v4 Tau Race', true, 4, 8, 1) ON CONFLICT (id) DO UPDATE SET name = EXCLUDED.name, display_name = EXCLUDED.display_name, is_ranked = EXCLUDED.is_ranked, default_match_type_id = EXCLUDED.default_match_type_id, default_race_id = EXCLUDED.default_race_id, default_statgroup_type = EXCLUDED.default_statgroup_type;
INSERT INTO leaderboard_mappings (leaderboard_id, match_type_id, statgroup_type, race_id) VALUES (36, 4, 1, 8) ON CONFLICT (leaderboard_id, match_type_id, statgroup_type, race_id) DO NOTHING;